'1)','humberto de alencar castello branco','(1897-1967)','Marechal de Exército'
'2)','arthur da costa e sIlVa ','(1899-1969)','Marechal de Exército'
'3)','aurélIo de lyra taVares ','(1905-1998)','General de Exército'
'4)','augusto hamann rademaKer gruneWald ','(1905-1985)','Almirante de esquadra'
'5)',' márcIo de souza e mello ','(1906-1991)','Marechal do ar'
'6)','emIlIo garrastazú medIcI ','(1905-1985)','General de Exército'
'7)','ernesto becKmann geIsel','(1907-1996)','General de Exército'
'8)','joão baPtIsta de olIVeIra FIgueIredo ','(1918-99)','General de Exército'
'9)','adhemar de queIrós','(1899-1984)','Marechal do Exército'
'10)','orlando becKmann geIsel','(1905-1979)','General de Exército'
'11)','VIcente de Paulo dale coutInho','(1910-1974)','General de Exército'
'12)','sylVIo couto coelho da Frota','(1910-1996)','General de Exército'
'13)','Fernando belFort bethlem','(1914-2001)','General de Exército'
'14)','Walter PIres de carValho e albuquerque','(1915-90)','General de Exército'
'15)','ernesto de melo batIsta ','(1907-1985)','Almirante de esquadra'
'16)','Paulo bosísIo','(1900-1985)','Almirante de esquadra'
'17)','zIlmar camPos de ararIPe macedo','(1908-2001)','Almirante de esquadra'
'18)','adalberto de barros nunes','(1905-1984)',' Almirante de esquadra'
'19)','geraldo azeVedo hennIng','(1917-1995)','Almirante de esquadra'
'20)','maxImIano eduardo da sIlVa Fonseca','(1919-98)','Almirante de esquadra'
'21)','alFredo Karam','(1924-)','Almirante de esquadra'
'22)','FrancIsco de assIs corrêa de mello','(1903-1971)','Tenente-brigadeiro do ar'
'23)','nelson FreIre laVenére Wanderley ','(1909-1985)','Tenente-brigadeiro do ar'
'24)','eduardo gomes ','(1896-1981)','Marechal do ar'
'25)','joelmIr camPos de ararIPe macedo','(1909-1993)',' Tenente-brigadeiro do ar'
'26)','délIo jardIm de mattos','(1916-1990)',' Tenente-brigadeiro do ar'
'27)','golbery do couto e sIlVa','(1911-1987)','Chefe do SNI de junho de 1964 a março de 1967'
'28)','carlos alberto da Fontoura ','(1912-1997)','General de Brigada'
'29)','octáVIo aguIar de medeIros','(1922-2005)','General de Brigada'
'30)','adyr FIuza de castro ','(1920-2009)','General de Brigada'
'31)','mIlton taVares de souza.','(1917-1981)','General de Exército'
'32)','conFúcIo danton de Paula aVelIno ','(1916-2000)','General de Brigada'
'33)','antônIo da sIlVa camPos','', 'General de Divisão'
'34)', 'edIson boscaccI guedes', '(1923-2006)','General de Exército.' 
'35)','geraldo de araújo FerreIra braga','(1922-)','General de Divisão'
'36)','márIo orlando rIbeIro samPaIo','(1924-)','General de Divisão'
'37)','IrIs lustosa de olIVeIra','(1926-)','General de Exército'
'38)','roberto FerreIra teIxeIra de FreItas ','(1917-2014)','Contra-almirante'
'39)','álVaro de rezende rocha','(1916-1997)','Almirante de esquadra'
'40)','Fernando Pessoa da rocha Paranhos','(1925-)','Capitão de mar e guerra'
'41)','joaquIm januárIo de araújo coutInho netto','(1917-)','Contra-almirante'
'42)','dIlmar de Vasconcelos rosa ','(1923-)','Contra-almirante'
'43)','carlos eduardo jordão montenegro','(1925-1983)',' Ocupou interinamente a chefia do Cenimar em agosto de 1975'
'44)','odIlon lIma cardoso ','(1926-)','Contra-almirante'
'45)','renato de mIranda monteIro ','(1929-)','Almirante de esquadra'
'46)','luIz augusto Paraguassu de sá','(1930-2007)','Contra-almirante'
'47)','antônIo FrederIco motta arentz ','(1934-)','Contra-almirante'
'48)','sérgIo taVares doherty ','(1936-)','Vice-almirante'
'49)','joão Paulo moreIra burnIer ','(1919-2000)','Brigadeiro do ar'
'50)','carlos aFonso dellamora','(1920-2007)','Tenente-brigadeiro do ar'
'51)','neWton Vassalo da sIlVa','(1920-1981)','Major-brigadeiro do ar'
'52)','luís FelIPPe carneIro de lacerda netto','(1925-2000)','Tenente-brigadeiro do ar'
'53)','dIlson lyra branco Verçosa','(1930-2007)','Major-brigadeiro do ar'
'54)','adolPho corrêa de sá e beneVIdes','(1936-)','Diplomata'
'55)','alcIdes cIntra bueno FIlho ','(1922-1978)','Delegado do Departamento de Ordem Política e Social de São Paulo '
'56)','amadeu martIre','(1914-)','General de Brigada'
'57)','amaury Kruel','(1901-1996)',' General de Exército'
'58)','antônIo bandeIra ','(1916-2003)','General de Exército'
'59)','antônIo carlos da sIlVa murIcy','(1906-2000)','General de Exército'
'60)','antônIo FerreIra marques','(1916-2004)','General de Divisão'
'61)','antônIo jorge correa','(1912-2007)','General de Exército'
'62)','argus lIma','(1913-2000)','General de Exército'
'63)','armando PatrícIo','(1927-)','General de Divisão'
'64)','arnaldo sIqueIra','','Médico-legista e diretor do Instituto Médico-Legal do estado de São Paulo '
'65)','ary casaes bezerra caValcantI','(1928-)','Coronel-aviador'
'66)','audIr santos macIel ','(1932-)',' Coronel do Exército'
'67)','augusto Fernandes maIa ','(1933-2000)','Coronel do Exército'
'68)','aylton sIano baeta','(1928-1992)','Coronel-aviador'
'69)','bento josé bandeIra de mello','(1917-2005)','General de Divisão'
'70)','breno borges Fortes','(1908-1982)','General de Exército'
'71)','carlos alberto brIlhante ustra ','(1932-)','Coronel do Exército'
'72)','carlos alberto cabral rIbeIro','(1915-1984)','General de Exército'
'73)','carlos alberto PonzI','(1925-)','Coronel do Exército'
'74)','carlos sergIo torres ','(1930-1998)','Tenente-coronel do Exército'
'75)','carlos xaVIer de mIranda','(1920-)','General de Divisão'
'76)','cecIl de macedo borer','(1913-2003)','Delegado de polícia'
'77)','clemente josé monteIro FIlho ','(1925-1977)','Capitão de mar e guerra'
'78)','cyro guedes etchegoyen','(1929-2012)','Coronel do Exército'
'79)','darcy jardIm de matos ','(1918-)','General de Brigada'
'80)','edmundo drummond bIttencourt herculano','(1912-)','Vice-almirante'
'81)','ednardo d’aVIla mello','(1911-1984)','General de Exército'
'82)','enI de olIVeIra castro','','Coronel do Exército'
'83)','ênIo de albuquerque lacerda ','(1929-1998)','Foi comandante da 1a companhia de Polícia do Exército'
'84)','ernanI ayrosa da sIlVa','(1915-1987)','General de Divisão'
'85)','eVeraldo josé da sIlVa','','General de Brigada'
'86)','Fernando ayres da motta.','','Ex-comandante da companhia aérea Panair'
'87)','FIrmIno Peres rodrIgues ','(1931-)','Delegado de polícia no estado do Rio Grande do Sul'
'88)','FláVIo de marco ','(1929-1981)','Coronel do Exército'
'89)','FláVIo hugo de lIma rocha ','(1921-1983)','Coronel do Exército'
'90)','FrancIsco demIurgo santos cardoso ','(1930-)','Coronel do Exército'
'91)','FrancIsco homem de carValho','(1924-1990)','Coronel do Exército'
'92)','gastão barbosa Fernandes','(1924-)','Major do Exército'
'93)','Gastão batIsta de carValho','(1924-98)','Tenente-coronel do Exército'
'94)','gentIl marcondes FIlho','(1916-1983)','General de Exército'
'95)','gentIl nogueIra Paes','(1914-)','General de Brigada'
'96)','gIlberto aIrton zenKner','(1934-)',' Coronel do Exército'
'97)','gustaVo eugênIo de olIVeIra borges','(1922-)','Coronel-aviador'
'98)','harry shIbata ','(1927-)','Médico-legista'
'99)','hélIo IbIaPIna lIma ','(1919-2010)','General de Brigada'
'100)','hélIo da mata resende','','Tenente do Exército'
'101)','herculano Pedro de sImas mayer','(1925-)',' Capitão de mar e guerra'
'102)','hugo de andrade abreu','(1916-1979)',' General de Divisão'
'103)','joalbo rodrIgues de FIgueIredo barbosa','(1918-)','Secretário de Segurança Pública do estado da Bahia'
'104)','joão de alVarenga soutto mayor','(1917-)','General de Brigada'
'105)','joão dutra de castIlho','(1907-1987)','General de Exército'
'106)','joão osWaldo leIVas job','(1927-)','Coronel do Exército'
'107)','joão PInto Pacca ','(1919-)','General de Brigada'
'108)','joão tarcísIo cartaxo arruda','(1930-1996)',' Coronel do Exército'
'109)','jonas braga ','','Tenente do Exército'
'110)','jorge josé de carValho','(1927-)','Tenente-brigadeiro'
'111)','jorge josé marques sobrInho','(1935-1990)','Delegado da Polícia Civil'
'112)','josé antônIo nogueIra belham','(1934-)',' General de Divisão'
'113)','josé FerreIra da sIlVa','','Tenente-coronel do Exército'
'114)','josé luIz coelho netto','(1921-1986)','General de Divisão'
'115)','josé ney Fernandes antunes','(1926-)','Tenente-coronel do Exército'
'116)','leo guedes etchegoyen','(1925-2003)',' General de Brigada'
'117)','leônIdas PIres gonçalVes','(1921-)','General de Exército'
'118)','luIz macKsen de castro rodrIgues','(1924-2004)','Superintendente da Polícia Federal do Rio Grande do Sul em 1978'
'119)','manoel PIo corrêa júnIor','(1918-2013)','Diplomata e empresário'
'120)','marcos henrIque camIllo cortes','(1935-)','Diplomata'
'121)','marcus antônIo brIto de Fleury','(1936-2012)','Capitão do Exército'
'122)','márIo de souza PInto','','General de Brigada'
'123)','melIllo moreIra de mello ','(1920-1984)','Diplomata'
'124)','neWton araújo de olIVeIra e cruz','(1924-)',' General de Divisão'
'125)','nIlton de albuquerque cerqueIra ','(1930-)','Coronel de Exército'
'126)','olaVo VIanna moog','(1912-1989)','General de Divisão'
'127)','olInto Ferraz','(1911-)','Coronel da Polícia Militar do estado de Pernambuco'
'128)','oscar geronymo bandeIra de mello','(1910-)','General de Divisão'
'129)','Paulo ruFIno alVes ','(1934-1986)','Coronel do Exército'
'130)','romeu tuma','(1931-2010)','Delegado da Polícia Civil do estado de São Paulo'
'131)','ruy de Paula couto','(1916-)','General de Exército'
'132)','ruy lIsbôa dourado','(1917-1986)','Delegado da Polícia Civil do antigo estado da Guanabara'
'133)','samuel augusto alVes correa','(1917-)','Chefe do Estado-Maior do IV Exército no final da década de 1960'
'134)','syzeno ramos sarmento','(1907-1983)','General de Exército'
'135)','urIburu lobo da cruz','(1931-)','Capitão de mar e guerra'
'136)','Waldyr coelho ','(1928-1977)','Coronel do Exército'
'137)','WIlson brandI romão','(1930-)','Coronel do Exército'
'138)','abeylard de queIroz orsInI','(1927-)','Médico-legista do Instituto Médico-Legal do estado de São Paulo '
'139)','abílIo correa de souza','(1923-2001)','Suboficial da Aeronáutica'
'140)','ademar augusto de olIVeIra','','Investigador de polícia'
'141)','aIlton guImarães jorge','(1941-)','Ex-militar'
'142)','aIlton joaquIm','(1942-2007)','Capitão do Exército'
'143)','alberI VIeIra dos santos','(1937-1979)','Sargento da Brigada Militar do Rio Grande do Sul'
'144)','alberto octáVIo conrado aVegno','(1927-2013)','Agente do Centro de Informações do Exterior '
'145)','alcIdes sIngIllo','(1932-)','Delegado de polícia'
'146)','alFredo magalhães','(1913-1996)',' Capitão de mar e guerra'
'147)','aloísIo Fernandes ','(1930-2014)','Médico-legista do Instituto Médico-Legal do estado de São Paulo '
'148)','altaIr casadeI','(1941-)',' Sargento da Polícia Militar'
'149)','aluísIo madruga de moura','(1938-)','Coronel do Exército'
'150)','amílcar lobo moreIra da sIlVa','(1939-1997)','Médico do Exército'
'151)','andré leIte PereIra FIlho','(1936-2003)','Coronel do Exército'
'152)','aníbal de carValho coutInho','(1931-)','Coronel do Exército'
'153)','antônIo cúrcIo neto','(1926-)','Coronel do Exército'
'154)','antônIo dácIo Franco amaral','(1905-2001)','Médico-legista do Instituto Médico-Legal do estado de São Paulo '
'155)','antônIo Fernando hughes de carValho','(1942-2005)',' Serviu no Destacamento de Operações de Informações '
'156)','antônIo ValentInI','(1945-)','Médico-legista do Instituto Médico-Legal do estado de São Paulo '
'157)','antônIo VIlela','','Delegado de polícia'
'158)','antônIo WaneIr PInheIro lIma','(1943-)','Soldado do Exército'
'159)','aParecIdo laertes calandra','(1940-)','Delegado de polícia'
'160)','aramIs ramos Pedrosa','(1950-)','Ex-tenente do Exército'
'161)','aresKI de assIs PInto abarca','(1938-)','Capitão do Exército'
'162)','arIldo de toledo VIana','(1939-)','Médico-legista do Instituto Médico-Legal do estado de São Paulo '
'163)','armando aVólIo FIlho','(1945-)','Coronel do Exército'
'164)','armando canger rodrIgues','(1921-)','Médico-legista do Instituto Médico-Legal do estado de São Paulo '
'165)','arthur de brItto PereIra','(1918-2002)','Delegado de polícia'
'166)','artur Falcão dIzeu','','Policial civil'
'167)','ary casagrande','(1935-)','Delegado de polícia'
'168)','ary PereIra de carValho','(1927-2006)','Coronel do Exército'
'169)','átIla rohrsetzer','(1931-)','Coronel do Exército'
'170)','attIla carmelo','(1936-)',' Capitão do Exército'
'171)','argentIno teodoro taVares','(1937-)','Soldado da Polícia Militar do estado de Minas Gerais'
'172)','astorIge correa de Paula e sIlVa','(1941-)','Investigador de polícia'
'173)','benonI de arruda albernaz','(1933-1993)','Capitão do Exército'
'174)','carlos alberto augusto','(1944-)','Delegado de polícia'
'175)','carlos de brIto','','Delegado da Polícia'
'176)','carlos teIxeIra marra','(1940-)','Segundo-sargento da Polícia Militar do estado de Goiás'
'177)','carlos sergIo maIa mondaInI','','Coronel-médico do Exército'
'178)','celso laurIa','(1936-)','Coronel do Exército'
'179)','cláudIo antônIo guerra','(1940-)','Delegado de polícia no estado do Espírito Santo'
'180)','dalmo lúcIo munIz cyrIllo','(1934-2002)','Coronel do Exército'
'181)','darcy ursmar VIllocq VIanna','(1919-2012)',' Coronel do Exército'
'182)','daVId dos santos araújo','(1938-)','Delegado de polícia do estado de São Paulo'
'183)','décIo brandão camargo','(1911-1976)','Médico-legista do Instituto Médico-Legal do estado de São Paulo '
'184)','deoclécIo Paulo','(1933-)','Capitão do Exército'
'185)','dIrceu graVIna','(1948-)','Delegado de polícia'
'186)','dulene aleIxo garcez dos reIs ','(1942-)','Capitão do Exército'
'187)','edeVarde josé','(1931-)','Delegado de polícia'
'188)','edmIlson almeIda cruz','','Soldado da Polícia Militar do estado de Goiás'
'189)','edsel magnottI','(1928-)','Delegado de polícia'
'190)','edson sá rocha ','(1941-)',' General de Brigada'
'191)','eduardo rodrIgues','','Delegado de polícia'
'192)','elIas FreItas','(1926-2008)','Médico-legista do Instituto Médico-Legal do estado do Rio de Janeiro '
'193)','elson ValerIano','(1940-)','Soldado da Polícia Militar do estado de Minas Gerais'
'194)','ênIo PImentel da sIlVeIra ','(1936-1986)','Coronel do Exército'
'195)','enIr barcelos da sIlVa','(1935-2010)','Delegado de polícia'
'196)','ePamInondas PereIra do nascImento','(1927-)','Capitão da Polícia Militar do estado de Goiás'
'197)','erar de camPos Vasconcelos','(1925-1997)','Coronel do Exército'
'198)','ernanI jorge correa','(1924-)','General de Brigada'
'199)','ernesto eleutérIo ','(1941-)','Perito criminal do Instituto de Criminalística de São Paulo'
'200)','ernesto mIlton dIas','(1936-)','Delegado de polícia'
'201)','euro barbosa de barros','(1934-)','Coronel da Polícia Militar do estado do Mato Grosso'
'202)','eWaldo mIranda','','Delegado de polícia'
'203)','ezy ramalho FeItosa','','Soldado da Polícia Militar do estado de Mato Grosso'
'204)','FélIx FreIre dIas ','(1949-)','Ex-cabo do Exército'
'205)','FerdInando munIz de FarIas','(1922-)','Coronel-aviador'
'206)','FIrmIano Pacheco netto ','(1934-2008)',' Delegado de polícia no estado de São Paulo'
'207)','FlorIano aguIlar chagas','(1926-2012)','General de Divisão'
'208)','FlorIcIo FornacIarI','(1934-)','Soldado da Polícia Militar do estado de Minas Gerais'
'209)','FrancIsco moacyr meyer Fontenelle','(1929-1993)','Coronel do Exército'
'210)','FrancIsco torres dutra','(1935-)','Soldado da Polícia Militar do estado de Minas Gerais'
'211)','FreddIe PerdIgão PereIra','(1936-1996)','Coronel do Exército'
'212)','FrederIco IldeFonso marrI amaral','(1932-)','Médico-legista do Instituto Médico-Legal do estado de São Paulo '
'213)','geraldo rebello','','Médico-legista do Instituto Médico-Legal do estado de São Paulo '
'214)','gonçalIno curIo de carValho','','Coronel da Brigada Militar do Rio Grande do Sul'
'215)','graccho guImarães sIlVeIra','(1936-)','Médico-legista do Instituto Médico-Legal do estado do Rio de Janeiro '
'216)','harIm de samPaIo d’olIVeIra','(1934-2007)','Delegado de polícia no estado de São Paulo'
'217)','haydn Prates saraIVa ','(1931-2002)',' Investigador de polícia'
'218)','herbert de bastos curado','(1929-)','Coronel do Exército'
'219)','herculano leonel','(1942-)','Soldado da Polícia Militar do estado de São Paulo'
'220)','hIlárIo josé corralIs','(1913-1982)','Marceneiro e pequeno empresário'
'221)','hIlton Fernandes da sIlVa','(1920-1986)','Policial civil'
'222)','homero césar machado','(1940-)','Coronel do Exército'
'223)','hugo caetano coelho de almeIda ','(1926-)','Coronel do Exército'
'224)','humberto rIbeIro quIntas','(1942-)','Policial civil'
'225)','humberto serrano de souza','','Investigador de polícia'
'226)','hygIno de carValho hércules','(1939-)','Médico-legista do Instituto Médico-Legal do estado do Rio de Janeiro '
'227)','InnocêncIo FabrícIo de mattos beltrão','(1931-)',' Major do Exército'
'228)','Isaac abramoVItc','(1936-2012)','Médico-legista do Instituto Médico-Legal do estado de São Paulo '
'229)','IVahIr FreItas garcIa ','(1926-94)','Delegado de polícia'
'230)','jacy ochsendorF e souza','(1945-)',' Capitão do Exército'
'231)','jáder de jesus coutInho','(1932-2013)','Capitão de mar e guerra'
'232)','jayr gonçalVes da motta','(1935-1982)','Policial federal'
'233)','jaIr romeu ','(1926-2000)',' Auxiliar de necropsia do Instituto Médico-Legal do estado de São Paulo '
'234)','jamIl jomar de Paula','(1951-)','Tenente do Exército'
'235)','jeoVah sIlVa','','Escrivão do DOPS-GB'
'236)','joão alVes de souza','','Segundo-tenente da Polícia Militar de Goiás'
'237)','joão andré dIas Paredes','(1918-1987)','Coronel da Polícia Militar do estado do Paraná'
'238)','joão câmara gomes carneIro','(1938-)','Capitão do Exército'
'239)','joão carlos trallI','(1932-2007)','Investigador da Polícia Civil'
'240)','joão clementIno sIlVa','(1939-)','Soldado da Polícia Militar do estado de Minas Gerais'
'241)','joão grIgorIan','','Médico-legista do Instituto Médico-Legal do estado de São Paulo '
'242)','joão guIlherme FIgueIredo ','(1936-)','Médico-legista do Instituto Médico-Legal do estado do Rio de Janeiro '
'243)','joão henrIque FerreIra de carValho','(1950-)','Médico'
'244)','joão lucena leal','(1939-)',' Delegado da Polícia Federal'
'245)','joão medeIros','(1933-)','Soldado da Polícia Militar do estado de Minas Gerais'
'246)','joão Pagenotto','(1927-)','Médico-legista do Instituto Médico-Legal do estado de São Paulo '
'247)','joão Pedro do rego','(1925-)','Subtenente do Exército'
'248)','joão rodrIgues PInheIro ','','Coronel da Polícia Militar do estado de Goiás'
'249)','joão santa cruz sacramento','(1931-)','Sargento do Exército'
'250)','joaquIm FelIx de carValho','(1938-)','Soldado da Polícia Militar do estado de Minas Gerais'
'251)','josecIr cuoco','(1940-)','Delegado da Polícia Federal'
'252)','jonas FontInellI','','Major do Exército'
'253)','jorge FrancIsco InácIo','(1939-1985)','Policial civil no estado de Pernambuco'
'254)','jorge nunes amorIm','(1932-)',' Médico-legista do Instituto Médico-Legal do estado do Rio de Janeiro '
'255)','josé alVes assunção menezes ','(1914-1977)','Médico-legista do Instituto Médico-Legal do estado do Rio de Janeiro '
'256)','josé anselmo dos santos','(1942-)','Marinheiro'
'257)','josé antônIo de mello','(1924-)','Médico-legista do Instituto Médico-Legal do estado de São Paulo '
'258)','josé bartolomeu lemos gIbson','(1923-1991)',' Promotor de Justiça'
'259)','josé benedIto montenegro de magalhães cordeIro ','(1923-)','Major do Exército'
'260)','josé brant teIxeIra','(1934-)','Tenente-coronel do Exército'
'261)','josé carlos camPos FIlho','','Investigador de polícia'
'262)','josé cIrIlo borges','(1938-)','Soldado da Polícia Militar do estado de Minas Gerais'
'263)','josé conegundes do nascImento','(1933-)','Tenente do Exército'
'264)','josé de rIbamar santos','(1931-)','Sargento da Polícia Militar do estado de Goiás'
'265)','josé do bonFIm PInto','(1941-)','Segundo-sargento da Polícia Militar do estado de Goiás'
'266)','josé FelIx gasPar ','(1938-)','Soldado da Polícia Militar do estado de Minas Gerais'
'267)','josé geraldo cIscato','(1930-)','Médico-legista do Instituto Médico-Legal do estado de São Paulo '
'268)','josé gomes VIdal ','(1941-)','Soldado da Polícia Militar do estado de Minas Gerais'
'269)','josé gonçalVes dIas ','','Médico-legista do Instituto Médico-Legal do estado de São Paulo '
'270)','josé guIlherme FIgueIredo ','(1943-)','Médico-legista do Instituto Médico-Legal do estado do Rio de Janeiro '
'271)','josé henrIque da Fonseca','(1917-2008)','Médico-legista do Instituto Médico-Legal do estado de São Paulo '
'272)','josé lIno coutInho da França netto ','(1940-)','Médico'
'273)','josé manoel PereIra','','Sargento do Exército'
'274)','josé marIa FrancIsco','(1923-)','Soldado da Polícia Militar do estado de Minas Gerais'
'275)','josé morsch','(1912-)','Delegado de polícia'
'276)','josé neI Fernandes antunes','(1926-)','Coronel do Exército'
'277)','josé olIVeIra sIlVestre','','Delegado de Polícia'
'278)','josé PereIra de Vasconcellos','(1934-)','Inspetor de polícia'
'279)','josé rodrIgues','(1939-)','Soldado da Polícia Militar do estado de Minas Gerais'
'280)','júlIo roberto cerdá mendes','(1936-)','Coronel do Exército'
'281)','júlIo saboya de araújo jorge','(1944-)',' Capitão de corveta'
'282)','jurandIr gomes de carValho','(1930-)','Comandante da cavalaria da Polícia Militar do estado de Minas Gerais'
'283)','jurandyr ochsendorF e souza','(1939-)','Capitão da reserva do Exército'
'284)','lenIlso tabosa Pessoa','(1937-2007)','Médico-legista do Instituto Médico-Legal do estado de São Paulo '
'285)','léo FrederIco cInellI','(1932-)','Coronel do Exército'
'286)','leuzInger marques lIma ','(1928-)',' Coronel-aviador'
'287)','lícIo augusto rIbeIro macIel','(1930-)',' Tenente-coronel do Exército'
'288)','lIndolPho rodrIgues coelho','(1916-)','Reservista do Exército'
'289)','lourIVal gaeta ','(1927-1997)','Delegado de polícia'
'290)','lúcIo Valle barroso','(1933-)','Coronel-aviador'
'291)','luIs martIns de mIranda FIlho','(1927-2001)','Agente da Polícia Civil'
'292)','luIz alVes FerreIra','','Médico-legista do Instituto Médico-Legal do estado de São Paulo '
'293)','luIz arthur de carValho','(1925-)',' Coronel do Exército'
'294)','luIz carlos menna barreto','(1926-1993)','Tenente-coronel do Exército'
'295)','luIz FerreIra barros ','(1916-)',' Coronel da Polícia Militar do estado da Paraíba'
'296)','luIz márIo Valle correIa lIma ','(1945-)','Coronel do Exército'
'297)','luIz shInjI aKaboshI','(1947-)','Sargento do Exército'
'298)','luIz soares de souza rocha','(1909-1980)','Delegado de polícia'
'299)','luIz tImótheo de lIma','(1936-)','Agente da Polícia Civil'
'300)','marco antonIo PoVollerI','(1946-)','Cabo do Exército'
'301)','marco aurélIo da sIlVa reIs','','Delegado de polícia'
'302)','marcos de almeIda ','','Médico-legista do Instituto Médico-Legal do estado de São Paulo '
'303)','marIo borges ','','Policial civil'
'304)','marIo esPedIto ostroVsKI','(1946-)','Tenente do Exército'
'305)','márIo nelson matte','(1939-)','Médico-legista do Instituto Médico-Legal do estado de São Paulo '
'306)','marIo santalucIa','(1909-1972)','Médico-legista do Instituto Médico-Legal do estado de São Paulo '
'307)','maurícIo josé de FreItas ','','Agente da Polícia Federal'
'308)','maurícIo loPes lIma','(1935-)',' Tenente-coronel do Exército'
'309)','mIguel cunha lanna','(1920-)','Coronel-aviador'
'310)','mIlton souto da sIlVa','(1938-)','Soldado da Polícia Militar do estado de Minas Gerais'
'311)','moacIr gomes de almeIda ','','Soldado da Polícia Militar do estado de Minas Gerais'
'312)','murIlo Fernando alexander','(1924-)','Coronel do Exército'
'313)','nelson costa','','Policial civil'
'314)','nereu de mattos PeIxoto','(1926-)','Brigadeiro do ar'
'315)','neWton jerônImo gIbson duarte rodrIgues','(1931-)','Vinculado ao Comando de Caça aos Comunistas '
'316)','ney armando de mello mezIat','(1924-)','Coronel do Exército'
'317)','nIlo canePPa da sIlVa','(1916-)','General'
'318)','nIlo herVelha','','Inspetor de polícia do Departamento de Ordem Política e Social do Rio Grande do Sul '
'319)','odeíno gomes da sIlVa','(1939-)','Soldado da Polícia Militar do estado de Minas Gerais'
'320)','olymPIo PereIra da sIlVa ','(1922-1985)','Médico-legista do Instituto Médico-Legal do estado do Rio de Janeiro '
'321)','onIldo benIcIo rogeno ','(1930-)','Médico-legista do Instituto Médico-Legal do estado de São Paulo '
'322)','orlando josé bastos brandão','(1930-)','Médico-legista do Instituto Médico-Legal do estado de São Paulo '
'323)','osValdo Ferrarez de castro ','(1942-)','Soldado da Polícia Militar do estado de Minas Gerais'
'324)','otáVIo d’andrea ','(1930-)','Médico-legista do Instituto Médico-Legal do estado de São Paulo '
'325)','otáVIo gonçalVes moreIra júnIor ','(1938-1973)','Delegado de polícia'
'326)','otáVIo raInolFo da sIlVa','(1947-)','Policial civil'
'327)','Paulo augusto de queIroz rocha','(1919-)','Médico-legista do Instituto Médico-Legal do estado de São Paulo '
'328)','Paulo bordInI','(1922-2011)',' Sargento da Polícia Militar do estado de São Paulo'
'329)','Paulo malhães ','(1938-2014)','Coronel do Exército'
'330)','Paulo rosa','','Investigador da Polícia Federal'
'331)','Paulo sérgIo nery','(1935-1979)',' Diplomata'
'332)','Pedro antônIo mIra grancIerI','(1936-)','Investigador de polícia'
'333)','Pedro carlos seelIg ','(1934-)','Delegado de polícia'
'334)','Pedro correa cabral','(1944-)','Coronel-aviador'
'335)','PérsIo josé rIbeIro carneIro','(1939-)','Médico-legista do Instituto Médico-Legal do estado de São Paulo '
'336)','raul nogueIra de lIma','(1930-)','Delegado de polícia'
'337)','raymundo ronaldo camPos','(1935-)',' Coronel do Exército'
'338)','redIValdo olIVeIra acIoly','(1937-)','Delegado da Polícia Civil do estado de Pernambuco'
'339)','renato d’andréa','(1931-)','Delegado de polícia'
'340)','renato sergIo lIma caPPelano','(1929-)','Médico-legista do Instituto Médico-Legal do estado de São Paulo '
'341)','rIcardo agnese Fayad ','(1940-)','Médico do Exército e general de Brigada'
'342)','rIscala corbage ','(1941-)','Tenente-coronel da Polícia Militar do estado do Rio de Janeiro'
'343)','ríVel gomes da rocha','(1940-)','Investigador da Polícia Civil do estado de Pernambuco'
'344)','roberto andrade magalhães','(1935-2005)','Médico-legista do Instituto Médico-Legal do estado de São Paulo '
'345)','roberto artonI','(1938-2014)',' Capitão do Exército'
'346)','roberto augusto de mattos duque estrada','(1936-)','Capitão do Exército'
'347)','roberto blanco dos santos','(1940-)',' Médico-legista do Instituto Médico-Legal do estado do Rio de Janeiro '
'348)','roberto hIPólIto da costa ','(1918-1974)','Brigadeiro do ar'
'349)','rogérIo matos do nascImento','(1943-)','Vinculado ao Comando de Caça aos Comunistas '
'350)','rubem otero','(1930-)',' Segundo-sargento da Marinha'
'351)','ruben do nascImento PaIVa','(1913-1995)','General do Exército'
'352)','rubens gomes carneIro ','(1937-)',' Segundo-sargento do Exército'
'353)','rubens PaIm samPaIo','(1934-)','Coronel do Exército'
'354)','rubens Pedro macuco janInI','(1931-2009)','Médico-legista do Instituto Médico-Legal do estado do Rio de Janeiro '
'355)','rubens robIne bIzerrIl','(1935-)','Major do Exército'
'356)','rubens cardozo de mello tucunduVa','(1925-87)','Delegado da Polícia Civil do estado de São Paulo'
'357)','salIm raPhael balassIano','(1933-)','Médico-legista do Instituto Médico-Legal do estado do Rio de Janeiro '
'358)','samuel haberKom ','(1935-)','Médico-legista do Instituto Médico-Legal do estado de São Paulo '
'359)','sandoVal de sá ','(1940-)',' Médico-legista do Instituto Médico-Legal do estado de Goiás '
'360)','sebastIão alVIm','','Coronel do Exército'
'361)','sebastIão cândIdo','(1932-)','Soldado da Polícia Militar do estado de Minas Gerais'
'362)','sebastIão curIó rodrIgues de moura','(1938-)','Coronel do Exército'
'363)','sebastIão de olIVeIra e souza ','(1939-)',' Coronel da Polícia Militar do estado de Goiás'
'364)','sebastIão josé ramos de castro','(1922-)','General de Exército'
'365)','sergIo belmIro acoVesta','(1929-)','Médico-legista do Instituto Médico-Legal do estado de São Paulo '
'366)','sérgIo de olIVeIra ','','Médico-legista do Instituto Médico-Legal do estado de São Paulo '
'367)','sérgIo Fernando Paranhos Fleury','(1933-1979)','Delegado da Polícia Civil do estado de São Paulo'
'368)','tamotu naKao','(1934-)','Tenente da Policia Militar'
'369)','thacyr omar menezes sIa','(1933-1995)','Policial Civil'
'370)','thaumaturgo sotero Vaz','(1932-)','General de Brigada'
'371)','ubIrajara rIbeIro de souza ','(1937-)','Subtenente do Exército'
'372)','Valter da costa jacarandá','(1939-)','Coronel aposentado do Corpo de Bombeiros'
'373)','Vasco elIas rossI','(1915-)','Médico-legista do Instituto Médico-Legal do estado de São Paulo '
'374)','Walter sayeg','(1923-)','Médico-legista do Instituto Médico-Legal do estado de São Paulo '
'375)','WIlson luIz chaVes machado','(1947-)','Coronel do Exército'
'376)','ydyno sardenberg FIlho','(1931-)','Coronel do Exército'
'377)','zuIderzee nascImento lIns','(1934-)','Tenente-coronel do Exército'